{"Metrics/EpRet": 6.361149311065674, "Metrics/EpCost": 109.16000366210938, "Metrics/EpLen": 1000.0, "Train/Epoch": 28.0, "Train/Entropy": 1.1643315553665161, "Train/KL": 0.008379148319363594, "Train/StopIter": 40.0, "Train/PolicyRatio": 1.0000075101852417, "Train/PolicyRatio/Min": 1.0000075101852417, "Train/PolicyRatio/Max": 1.0000075101852417, "Train/PolicyRatio/Std": 0.013237632811069489, "Train/LR": 9.999999747378752e-06, "Train/PolicyStd": 0.7753261923789978, "TotalEnvSteps": 580000.0, "Loss/Loss_pi": -0.0457245372235775, "Loss/Loss_pi/Delta": 0.01362679898738861, "Value/Adv": 0.184158593416214, "Loss/Loss_reward_critic": 0.019242970272898674, "Loss/Loss_reward_critic/Delta": -0.005412984639406204, "Value/reward": 0.7418662905693054, "Loss/Loss_cost_critic": 0.9841270446777344, "Loss/Loss_cost_critic/Delta": -0.284299373626709, "Value/cost": 12.724405288696289, "Time/Total": 5371.0, "Time/Rollout": 59.220951080322266, "Time/Update": 163.07766723632812, "Time/Epoch": 222.2986297607422, "Time/FPS": 89.96907043457031, "Metrics/LagrangeMultiplier": 1.0028477907180786, "Metrics/LagrangeMultiplier/Min": 1.0028477907180786, "Metrics/LagrangeMultiplier/Max": 1.0028477907180786, "Metrics/LagrangeMultiplier/Std": 0.0, "_timestamp": 1716212064.8831754, "_runtime": 5373.265854358673, "_step": 29}