{"Metrics/EpRet": 2.867655038833618, "Metrics/EpCost": 6.480000019073486, "Metrics/EpLen": 1000.0, "Train/Epoch": 199.0, "Train/Entropy": 1.1879397630691528, "Train/KL": 0.0002789510472211987, "Train/StopIter": 10.0, "Train/PolicyRatio": 1.001303791999817, "Train/PolicyRatio/Min": 1.0013039112091064, "Train/PolicyRatio/Max": 1.0013039112091064, "Train/PolicyRatio/Std": 0.0009219482308253646, "Train/LR": 0.0, "Train/PolicyStd": 0.7937598824501038, "TotalEnvSteps": 4000000.0, "Loss/Loss_pi": -0.008204125799238682, "Loss/Loss_pi/Delta": 0.006460137665271759, "Value/Adv": 4.577636492086867e-09, "Loss/Loss_reward_critic": 0.023065324872732162, "Loss/Loss_reward_critic/Delta": -0.005514500662684441, "Value/reward": 0.5405317544937134, "Loss/Loss_cost_critic": 0.1394660472869873, "Loss/Loss_cost_critic/Delta": -0.04738408327102661, "Value/cost": 1.3998308181762695, "Time/Total": 15699.5830078125, "Time/Rollout": 55.690635681152344, "Time/Update": 14.138049125671387, "Time/Epoch": 69.82868194580078, "Time/FPS": 286.4152526855469, "Misc/Alpha": 1.2675210237503052, "Misc/FinalStepNorm": 0.3192673921585083, "Misc/gradient_norm": 0.09116508066654205, "Misc/xHx": 0.012448566034436226, "Misc/H_inv_g": 0.25188329815864563, "Misc/AcceptanceStep": 1.0, "Metrics/LagrangeMultiplier": 2.069485902786255, "Metrics/LagrangeMultiplier/Min": 2.069485902786255, "Metrics/LagrangeMultiplier/Max": 2.069485902786255, "Metrics/LagrangeMultiplier/Std": 0.0, "_timestamp": 1715326793.533834, "_runtime": 15702.47295999527, "_step": 200, "_wandb": {"runtime": 15703}}