{"Metrics/EpRet": 24.713083267211914, "Metrics/EpCost": 45.099998474121094, "Metrics/EpLen": 1000.0, "Train/Epoch": 28.0, "Train/Entropy": 1.0527793169021606, "Train/KL": 0.0002990331267938018, "Train/StopIter": 10.0, "Train/PolicyRatio": 0.9998071789741516, "Train/PolicyRatio/Min": 0.9998072385787964, "Train/PolicyRatio/Max": 0.9998072385787964, "Train/PolicyRatio/Std": 0.00013635909999720752, "Train/LR": 0.0, "Train/PolicyStd": 0.7053911089897156, "TotalEnvSteps": 580000.0, "Loss/Loss_pi": -0.01109375711530447, "Loss/Loss_pi/Delta": 0.0007482711225748062, "Value/Adv": 1.5258788677030566e-09, "Loss/Loss_reward_critic": 0.01809367723762989, "Loss/Loss_reward_critic/Delta": -0.00014642812311649323, "Value/reward": 2.3435702323913574, "Loss/Loss_cost_critic": 1.0719574689865112, "Loss/Loss_cost_critic/Delta": -0.11957395076751709, "Value/cost": 5.51959753036499, "Time/Total": 1627.795654296875, "Time/Rollout": 42.73114776611328, "Time/Update": 13.000411987304688, "Time/Epoch": 55.731563568115234, "Time/FPS": 358.8630676269531, "Misc/Alpha": 1.2091655731201172, "Misc/FinalStepNorm": 0.3132755756378174, "Misc/gradient_norm": 0.08652875572443008, "Misc/xHx": 0.01367911882698536, "Misc/H_inv_g": 0.2590841054916382, "Misc/AcceptanceStep": 1.0, "Metrics/LagrangeMultiplier": 0.8273864388465881, "Metrics/LagrangeMultiplier/Min": 0.8273864388465881, "Metrics/LagrangeMultiplier/Max": 0.8273864388465881, "Metrics/LagrangeMultiplier/Std": 0.0, "_timestamp": 1713914596.4120848, "_runtime": 1630.9741098880768, "_step": 29}