{"Metrics/EpRet": 25.17022705078125, "Metrics/EpCost": 51.29999923706055, "Metrics/EpLen": 1000.0, "Train/Epoch": 29.0, "Train/Entropy": 1.0377870798110962, "Train/KL": 0.0003244770923629403, "Train/StopIter": 10.0, "Train/PolicyRatio": 0.9994621276855469, "Train/PolicyRatio/Min": 0.9994621276855469, "Train/PolicyRatio/Max": 0.9994621276855469, "Train/PolicyRatio/Std": 0.0003803612489718944, "Train/LR": 0.0, "Train/PolicyStd": 0.6939499974250793, "TotalEnvSteps": 600000.0, "Loss/Loss_pi": -0.012346208095550537, "Loss/Loss_pi/Delta": -0.001252450980246067, "Value/Adv": -6.866454960174906e-09, "Loss/Loss_reward_critic": 0.017853161320090294, "Loss/Loss_reward_critic/Delta": -0.00024051591753959656, "Value/reward": 2.4103338718414307, "Loss/Loss_cost_critic": 1.1947695016860962, "Loss/Loss_cost_critic/Delta": 0.12281203269958496, "Value/cost": 5.474118709564209, "Time/Total": 1673.1552734375, "Time/Rollout": 42.89630126953125, "Time/Update": 11.968308448791504, "Time/Epoch": 54.86460876464844, "Time/FPS": 364.5337219238281, "Misc/Alpha": 1.0518617630004883, "Misc/FinalStepNorm": 0.2970248758792877, "Misc/gradient_norm": 0.12116410583257675, "Misc/xHx": 0.018076419830322266, "Misc/H_inv_g": 0.2823801338672638, "Misc/AcceptanceStep": 1.0, "Metrics/LagrangeMultiplier": 0.851540207862854, "Metrics/LagrangeMultiplier/Min": 0.851540207862854, "Metrics/LagrangeMultiplier/Max": 0.851540207862854, "Metrics/LagrangeMultiplier/Std": 0.0, "_timestamp": 1716122901.814002, "_runtime": 1676.2453100681305, "_step": 30, "_wandb": {"runtime": 12125}}