{"Metrics/EpRet": 13.723058700561523, "Metrics/EpCost": 130.9199981689453, "Metrics/EpLen": 1000.0, "Train/Epoch": 29.0, "Train/Entropy": 0.7862385511398315, "Train/KL": 0.0067072720266878605, "Train/StopIter": 40.0, "Train/PolicyRatio": 1.00058114528656, "Train/PolicyRatio/Min": 1.00058114528656, "Train/PolicyRatio/Max": 1.00058114528656, "Train/PolicyRatio/Std": 0.011653553694486618, "Train/LR": 0.0, "Train/PolicyStd": 0.5311764478683472, "TotalEnvSteps": 600000.0, "Loss/Loss_pi": -0.01572437956929207, "Loss/Loss_pi/Delta": 0.00626673549413681, "Value/Adv": -0.0007068738341331482, "Loss/Loss_reward_critic": 0.04456399381160736, "Loss/Loss_reward_critic/Delta": -0.00025618821382522583, "Value/reward": 1.327701210975647, "Time/Total": 4531.36083984375, "Time/Rollout": 66.64260864257812, "Time/Update": 123.92660522460938, "Time/Epoch": 190.5692138671875, "Time/FPS": 104.94874572753906, "_timestamp": 1716144618.2958298, "_runtime": 4533.212397813797, "_step": 30, "_wandb": {"runtime": 4535}}