{"Metrics/EpRet": 22.373991012573242, "Metrics/EpCost": 55.63999938964844, "Metrics/EpLen": 1000.0, "Train/Epoch": 28.0, "Train/Entropy": 0.7715099453926086, "Train/KL": 0.008310187608003616, "Train/StopIter": 40.0, "Train/PolicyRatio": 0.9978145956993103, "Train/PolicyRatio/Min": 0.9978145956993103, "Train/PolicyRatio/Max": 0.9978145956993103, "Train/PolicyRatio/Std": 0.013312290422618389, "Train/LR": 9.999999747378752e-06, "Train/PolicyStd": 0.5249117016792297, "TotalEnvSteps": 580000.0, "Loss/Loss_pi": -0.018258342519402504, "Loss/Loss_pi/Delta": 0.0026015453040599823, "Value/Adv": -0.10158286988735199, "Loss/Loss_reward_critic": 0.019075967371463776, "Loss/Loss_reward_critic/Delta": 0.0013018809258937836, "Value/reward": 2.064558744430542, "Time/Total": 4072.829345703125, "Time/Rollout": 46.830989837646484, "Time/Update": 135.25686645507812, "Time/Epoch": 182.08786010742188, "Time/FPS": 109.83708953857422, "_timestamp": 1713906584.5266364, "_runtime": 4077.14941239357, "_step": 29}