{"Metrics/EpRet": 26.23552703857422, "Metrics/EpCost": 54.34000015258789, "Metrics/EpLen": 1000.0, "Train/Epoch": 29.0, "Train/Entropy": 0.9603052735328674, "Train/KL": 0.0002739510382525623, "Train/StopIter": 10.0, "Train/PolicyRatio": 0.9998107552528381, "Train/PolicyRatio/Min": 0.9998108148574829, "Train/PolicyRatio/Max": 0.9998108148574829, "Train/PolicyRatio/Std": 0.0001338021975243464, "Train/LR": 0.0, "Train/PolicyStd": 0.6589363813400269, "TotalEnvSteps": 600000.0, "Loss/Loss_pi": -0.012026116251945496, "Loss/Loss_pi/Delta": -0.0010281801223754883, "Value/Adv": -7.629394005448376e-09, "Loss/Loss_reward_critic": 0.016523452475667, "Loss/Loss_reward_critic/Delta": 0.0021369028836488724, "Value/reward": 2.5529022216796875, "Time/Total": 1607.9383544921875, "Time/Rollout": 43.3415641784668, "Time/Update": 7.936118125915527, "Time/Epoch": 51.27768325805664, "Time/FPS": 390.0332336425781, "Misc/Alpha": 1.113976001739502, "Misc/FinalStepNorm": 0.3136454224586487, "Misc/gradient_norm": 0.11043958365917206, "Misc/xHx": 0.01611677184700966, "Misc/H_inv_g": 0.2815549373626709, "Misc/AcceptanceStep": 1.0, "_timestamp": 1713902491.2562554, "_runtime": 1609.8708324432373, "_step": 30, "_wandb": {"runtime": 1612}}