{"Metrics/EpRet": 19.099599838256836, "Metrics/EpCost": 39.41999816894531, "Metrics/EpLen": 1000.0, "Train/Epoch": 199.0, "Train/Entropy": -0.018154490739107132, "Train/KL": 0.003920299932360649, "Train/StopIter": 40.0, "Train/PolicyRatio": 1.0000425577163696, "Train/PolicyRatio/Min": 1.0000425577163696, "Train/PolicyRatio/Max": 1.0000425577163696, "Train/PolicyRatio/Std": 0.008890963159501553, "Train/LR": 0.0, "Train/PolicyStd": 0.2377517819404602, "TotalEnvSteps": 4000000.0, "Loss/Loss_pi": -0.020467422902584076, "Loss/Loss_pi/Delta": 0.005745109170675278, "Value/Adv": -0.2972414195537567, "Loss/Loss_reward_critic": 0.022590266540646553, "Loss/Loss_reward_critic/Delta": -0.004998130723834038, "Value/reward": 2.048222303390503, "Loss/Loss_cost_critic": 0.6359953880310059, "Loss/Loss_cost_critic/Delta": -0.013717830181121826, "Value/cost": 4.831027507781982, "Time/Total": 23051.849609375, "Time/Rollout": 40.89317321777344, "Time/Update": 199.74057006835938, "Time/Epoch": 240.6337432861328, "Time/FPS": 83.11386108398438, "Metrics/LagrangeMultiplier": 5.054337024688721, "Metrics/LagrangeMultiplier/Min": 5.054337024688721, "Metrics/LagrangeMultiplier/Max": 5.054337024688721, "Metrics/LagrangeMultiplier/Std": 0.0, "_timestamp": 1715274511.8094676, "_runtime": 23054.008469581604, "_step": 200, "_wandb": {"runtime": 23055}}