{"Metrics/EpRet": 0.5816527605056763, "Metrics/EpCost": 38.84000015258789, "Metrics/EpLen": 1000.0, "Train/Epoch": 175.0, "Train/Entropy": 1.2223997116088867, "Train/KL": 0.00024372724874410778, "Train/StopIter": 10.0, "Train/PolicyRatio": 1.0012083053588867, "Train/PolicyRatio/Min": 1.0012083053588867, "Train/PolicyRatio/Max": 1.0012083053588867, "Train/PolicyRatio/Std": 0.0008543447474949062, "Train/LR": 0.0, "Train/PolicyStd": 0.8218426704406738, "TotalEnvSteps": 3520000.0, "Loss/Loss_pi": -0.022252032533288002, "Loss/Loss_pi/Delta": -0.0011503491550683975, "Value/Adv": 4.577636492086867e-09, "Loss/Loss_reward_critic": 0.00423845648765564, "Loss/Loss_reward_critic/Delta": -0.00017457036301493645, "Value/reward": 0.049550797790288925, "Loss/Loss_cost_critic": 0.7213888168334961, "Loss/Loss_cost_critic/Delta": 0.1685706377029419, "Value/cost": 2.097557306289673, "Time/Total": 9858.962890625, "Time/Rollout": 46.38983154296875, "Time/Update": 14.053333282470703, "Time/Epoch": 60.44316482543945, "Time/FPS": 330.88934326171875, "Misc/Alpha": 0.561594545841217, "Misc/FinalStepNorm": 0.3222980201244354, "Misc/gradient_norm": 0.22001786530017853, "Misc/xHx": 0.06341385841369629, "Misc/H_inv_g": 0.5738980174064636, "Misc/AcceptanceStep": 1.0, "Metrics/LagrangeMultiplier": 0.8981711864471436, "Metrics/LagrangeMultiplier/Min": 0.8981711864471436, "Metrics/LagrangeMultiplier/Max": 0.8981711864471436, "Metrics/LagrangeMultiplier/Std": 0.0, "_timestamp": 1715360939.3455732, "_runtime": 9862.077604293823, "_step": 176}