{"Metrics/EpRet": 8.66990852355957, "Metrics/EpCost": 125.5999984741211, "Metrics/EpLen": 1000.0, "Train/Epoch": 28.0, "Train/Entropy": 1.106436848640442, "Train/KL": 0.008556801825761795, "Train/StopIter": 40.0, "Train/PolicyRatio": 0.9995607733726501, "Train/PolicyRatio/Min": 0.9995607733726501, "Train/PolicyRatio/Max": 0.9995607733726501, "Train/PolicyRatio/Std": 0.012973048724234104, "Train/LR": 9.999999747378752e-06, "Train/PolicyStd": 0.731853187084198, "TotalEnvSteps": 580000.0, "Loss/Loss_pi": -0.047093555331230164, "Loss/Loss_pi/Delta": 0.014201872050762177, "Value/Adv": 0.17557379603385925, "Loss/Loss_reward_critic": 0.018411768600344658, "Loss/Loss_reward_critic/Delta": 0.004676208831369877, "Value/reward": 1.0307908058166504, "Loss/Loss_cost_critic": 1.6218544244766235, "Loss/Loss_cost_critic/Delta": -0.6748751401901245, "Value/cost": 15.461006164550781, "Time/Total": 5610.44287109375, "Time/Rollout": 63.72647476196289, "Time/Update": 158.8352508544922, "Time/Epoch": 222.56173706054688, "Time/FPS": 89.86270904541016, "Metrics/LagrangeMultiplier": 1.0507415533065796, "Metrics/LagrangeMultiplier/Min": 1.0507415533065796, "Metrics/LagrangeMultiplier/Max": 1.0507415533065796, "Metrics/LagrangeMultiplier/Std": 0.0, "_timestamp": 1716200387.47744, "_runtime": 5612.722500085831, "_step": 29}