{"Metrics/EpRet": 22.55252456665039, "Metrics/EpCost": 59.13999938964844, "Metrics/EpLen": 1000.0, "Train/Epoch": 29.0, "Train/Entropy": 0.7662484049797058, "Train/KL": 0.005829305853694677, "Train/StopIter": 40.0, "Train/PolicyRatio": 0.9994156956672668, "Train/PolicyRatio/Min": 0.9994156956672668, "Train/PolicyRatio/Max": 0.9994156956672668, "Train/PolicyRatio/Std": 0.011519535444676876, "Train/LR": 0.0, "Train/PolicyStd": 0.5221207141876221, "TotalEnvSteps": 600000.0, "Loss/Loss_pi": -0.014148161746561527, "Loss/Loss_pi/Delta": 0.004110180772840977, "Value/Adv": -0.08389095962047577, "Loss/Loss_reward_critic": 0.016780458390712738, "Loss/Loss_reward_critic/Delta": -0.0022955089807510376, "Value/reward": 2.1298444271087646, "Time/Total": 4427.08544921875, "Time/Rollout": 43.206031799316406, "Time/Update": 117.41311645507812, "Time/Epoch": 160.61915588378906, "Time/FPS": 124.51815032958984, "_timestamp": 1716150224.8767092, "_runtime": 4428.8532791137695, "_step": 30, "_wandb": {"runtime": 4431}}