{"Metrics/EpRet": 24.405811309814453, "Metrics/EpCost": 144.3800048828125, "Metrics/EpLen": 1000.0, "Train/Epoch": 29.0, "Train/Entropy": 1.1696549654006958, "Train/KL": 0.0002743713848758489, "Train/StopIter": 10.0, "Train/PolicyRatio": 1.0012239217758179, "Train/PolicyRatio/Min": 1.0012239217758179, "Train/PolicyRatio/Max": 1.0012239217758179, "Train/PolicyRatio/Std": 0.000865471491124481, "Train/LR": 0.0, "Train/PolicyStd": 0.7820588946342468, "TotalEnvSteps": 600000.0, "Loss/Loss_pi": -0.01165637094527483, "Loss/Loss_pi/Delta": 0.0007277932018041611, "Value/Adv": 7.629394005448376e-09, "Loss/Loss_reward_critic": 0.06859222799539566, "Loss/Loss_reward_critic/Delta": -0.018479689955711365, "Value/reward": 2.331618070602417, "Time/Total": 2216.550048828125, "Time/Rollout": 64.47746276855469, "Time/Update": 9.748403549194336, "Time/Epoch": 74.22586822509766, "Time/FPS": 269.4478454589844, "Misc/Alpha": 1.153890609741211, "Misc/FinalStepNorm": 0.32372215390205383, "Misc/gradient_norm": 0.08790336549282074, "Misc/xHx": 0.015021055936813354, "Misc/H_inv_g": 0.2805483937263489, "Misc/AcceptanceStep": 1.0, "_timestamp": 1716146847.5797048, "_runtime": 2218.9465787410736, "_step": 30, "_wandb": {"runtime": 2220}}