{"Metrics/EpRet": 0.18999126553535461, "Metrics/EpCost": 49.119998931884766, "Metrics/EpLen": 1000.0, "Train/Epoch": 199.0, "Train/Entropy": -0.17822259664535522, "Train/KL": 0.004210636951029301, "Train/StopIter": 40.0, "Train/PolicyRatio": 1.001229166984558, "Train/PolicyRatio/Min": 1.001229166984558, "Train/PolicyRatio/Max": 1.001229166984558, "Train/PolicyRatio/Std": 0.009089939296245575, "Train/LR": 0.0, "Train/PolicyStd": 0.2025800198316574, "TotalEnvSteps": 4000000.0, "Loss/Loss_pi": -0.020895281806588173, "Loss/Loss_pi/Delta": 0.014146102592349052, "Value/Adv": 5.397200584411621e-05, "Loss/Loss_reward_critic": 0.0023009427823126316, "Loss/Loss_reward_critic/Delta": -0.0003189884591847658, "Value/reward": 0.05708812177181244, "Loss/Loss_cost_critic": 0.4818892180919647, "Loss/Loss_cost_critic/Delta": 0.03799477219581604, "Value/cost": 4.040374279022217, "Time/Total": 24260.021484375, "Time/Rollout": 40.188846588134766, "Time/Update": 183.2812042236328, "Time/Epoch": 223.47006225585938, "Time/FPS": 89.49745178222656, "Metrics/LagrangeMultiplier": 2.276765823364258, "Metrics/LagrangeMultiplier/Min": 2.276765823364258, "Metrics/LagrangeMultiplier/Max": 2.276765823364258, "Metrics/LagrangeMultiplier/Std": 0.0, "_timestamp": 1715351065.3490722, "_runtime": 24262.33273124695, "_step": 200, "_wandb": {"runtime": 24264}}