{"Metrics/EpRet": 3.1114072799682617, "Metrics/EpCost": 25.719999313354492, "Metrics/EpLen": 1000.0, "Train/Epoch": 199.0, "Train/Entropy": 0.01673271507024765, "Train/KL": 0.0037926058284938335, "Train/StopIter": 40.0, "Train/PolicyRatio": 1.0005950927734375, "Train/PolicyRatio/Min": 1.0005950927734375, "Train/PolicyRatio/Max": 1.0005950927734375, "Train/PolicyRatio/Std": 0.008362345397472382, "Train/LR": 0.0, "Train/PolicyStd": 0.24753358960151672, "TotalEnvSteps": 4000000.0, "Loss/Loss_pi": -0.02037520334124565, "Loss/Loss_pi/Delta": 0.00432334840297699, "Value/Adv": 0.12117283791303635, "Loss/Loss_reward_critic": 0.01741018146276474, "Loss/Loss_reward_critic/Delta": -0.0004144720733165741, "Value/reward": 0.3999346196651459, "Loss/Loss_cost_critic": 0.25974345207214355, "Loss/Loss_cost_critic/Delta": -0.04189401865005493, "Value/cost": 3.23116397857666, "Time/Total": 25755.388671875, "Time/Rollout": 49.53535842895508, "Time/Update": 186.0806427001953, "Time/Epoch": 235.61599731445312, "Time/FPS": 84.88388061523438, "Metrics/LagrangeMultiplier": 3.285691976547241, "Metrics/LagrangeMultiplier/Min": 3.285691976547241, "Metrics/LagrangeMultiplier/Max": 3.285691976547241, "Metrics/LagrangeMultiplier/Std": 0.0, "_timestamp": 1715311078.7363968, "_runtime": 25757.866901874542, "_step": 200, "_wandb": {"runtime": 25759}}