{"Metrics/EpRet": 6.524984359741211, "Metrics/EpCost": 111.77999877929688, "Metrics/EpLen": 1000.0, "Train/Epoch": 29.0, "Train/Entropy": 1.0408092737197876, "Train/KL": 0.006030332762748003, "Train/StopIter": 40.0, "Train/PolicyRatio": 1.0012096166610718, "Train/PolicyRatio/Min": 1.0012096166610718, "Train/PolicyRatio/Max": 1.0012096166610718, "Train/PolicyRatio/Std": 0.012141449376940727, "Train/LR": 0.0, "Train/PolicyStd": 0.6858417391777039, "TotalEnvSteps": 600000.0, "Loss/Loss_pi": -0.03210580721497536, "Loss/Loss_pi/Delta": 0.01344987377524376, "Value/Adv": -0.02605058252811432, "Loss/Loss_reward_critic": 0.021649891510605812, "Loss/Loss_reward_critic/Delta": -0.0014056824147701263, "Value/reward": 0.7627547979354858, "Loss/Loss_cost_critic": 1.0769789218902588, "Loss/Loss_cost_critic/Delta": -0.0052852630615234375, "Value/cost": 12.114208221435547, "Time/Total": 5413.61181640625, "Time/Rollout": 55.04655075073242, "Time/Update": 169.99378967285156, "Time/Epoch": 225.04034423828125, "Time/FPS": 88.87295532226562, "Metrics/LagrangeMultiplier": 0.9396496415138245, "Metrics/LagrangeMultiplier/Min": 0.9396496415138245, "Metrics/LagrangeMultiplier/Max": 0.9396496415138245, "Metrics/LagrangeMultiplier/Std": 0.0, "_timestamp": 1716184556.768662, "_runtime": 5415.3951370716095, "_step": 30, "_wandb": {"runtime": 5417}}