{"Metrics/EpRet": 12.684528350830078, "Metrics/EpCost": 118.08000183105469, "Metrics/EpLen": 1000.0, "Train/Epoch": 29.0, "Train/Entropy": 1.3103052377700806, "Train/KL": 0.0003008986823260784, "Train/StopIter": 10.0, "Train/PolicyRatio": 1.0009576082229614, "Train/PolicyRatio/Min": 1.000957727432251, "Train/PolicyRatio/Max": 1.000957727432251, "Train/PolicyRatio/Std": 0.0006771593471057713, "Train/LR": 0.0, "Train/PolicyStd": 0.8981007933616638, "TotalEnvSteps": 600000.0, "Loss/Loss_pi": -0.019398020580410957, "Loss/Loss_pi/Delta": 0.001755259931087494, "Value/Adv": -7.629394005448376e-09, "Loss/Loss_reward_critic": 0.030232498422265053, "Loss/Loss_reward_critic/Delta": -0.0011651311069726944, "Value/reward": 1.297537922859192, "Loss/Loss_cost_critic": 2.7690155506134033, "Loss/Loss_cost_critic/Delta": 0.22434663772583008, "Value/cost": 14.996620178222656, "Time/Total": 2193.606689453125, "Time/Rollout": 57.841758728027344, "Time/Update": 12.20289421081543, "Time/Epoch": 70.0446548461914, "Time/FPS": 285.5321350097656, "Misc/Alpha": 0.6725797653198242, "Misc/FinalStepNorm": 0.30760446190834045, "Misc/gradient_norm": 0.1529223620891571, "Misc/xHx": 0.0442122146487236, "Misc/H_inv_g": 0.45735013484954834, "Misc/AcceptanceStep": 1.0, "Metrics/LagrangeMultiplier": 1.0534321069717407, "Metrics/LagrangeMultiplier/Min": 1.0534321069717407, "Metrics/LagrangeMultiplier/Max": 1.0534321069717407, "Metrics/LagrangeMultiplier/Std": 0.0, "_timestamp": 1716194764.9601, "_runtime": 2195.7083628177643, "_step": 30, "_wandb": {"runtime": 2197}}