{"Metrics/EpRet": 8.048065185546875, "Metrics/EpCost": 33.720001220703125, "Metrics/EpLen": 1000.0, "Train/Epoch": 28.0, "Train/Entropy": 1.348169207572937, "Train/KL": 0.00015685972175560892, "Train/StopIter": 10.0, "Train/PolicyRatio": 1.0000516176223755, "Train/PolicyRatio/Min": 1.000051736831665, "Train/PolicyRatio/Max": 1.000051736831665, "Train/PolicyRatio/Std": 3.652728992165066e-05, "Train/LR": 0.0, "Train/PolicyStd": 0.9412364959716797, "TotalEnvSteps": 580000.0, "Loss/Loss_pi": -0.007828516885638237, "Loss/Loss_pi/Delta": 0.009284475818276405, "Value/Adv": -3.128051773160223e-08, "Loss/Loss_reward_critic": 0.017242014408111572, "Loss/Loss_reward_critic/Delta": 0.0020859958603978157, "Value/reward": 0.6368682384490967, "Loss/Loss_cost_critic": 1.043654203414917, "Loss/Loss_cost_critic/Delta": 0.18081849813461304, "Value/cost": 2.4845352172851562, "Time/Total": 1768.876953125, "Time/Rollout": 50.300376892089844, "Time/Update": 13.065032005310059, "Time/Epoch": 63.36540985107422, "Time/FPS": 315.6296081542969, "Misc/Alpha": 0.9860460758209229, "Misc/FinalStepNorm": 0.3100886046886444, "Misc/gradient_norm": 0.13175056874752045, "Misc/xHx": 0.020570050925016403, "Misc/H_inv_g": 0.23156994581222534, "Misc/AcceptanceStep": 1.0, "Misc/cost_gradient_norm": 0.15848799049854279, "Misc/A": 0.02050880156457424, "Misc/B": -1129.441162109375, "Misc/q": 0.020570050925016403, "Misc/r": 0.0020306191872805357, "Misc/s": 0.0673227310180664, "Misc/Lambda_star": 0.0, "Misc/Nu_star": 0.5450471639633179, "Misc/OptimCase": 0.0, "_timestamp": 1713940157.7719204, "_runtime": 1771.3423964977264, "_step": 29}