{"Metrics/EpRet": 16.111902236938477, "Metrics/EpCost": 106.72000122070312, "Metrics/EpLen": 1000.0, "Train/Epoch": 28.0, "Train/Entropy": 1.3372249603271484, "Train/KL": 0.0003113149432465434, "Train/StopIter": 10.0, "Train/PolicyRatio": 0.9999338984489441, "Train/PolicyRatio/Min": 0.9999338984489441, "Train/PolicyRatio/Max": 0.9999338984489441, "Train/PolicyRatio/Std": 4.678303957916796e-05, "Train/LR": 0.0, "Train/PolicyStd": 0.9222011566162109, "TotalEnvSteps": 580000.0, "Loss/Loss_pi": -0.023249134421348572, "Loss/Loss_pi/Delta": -0.004216060042381287, "Value/Adv": -9.918212917625624e-09, "Loss/Loss_reward_critic": 0.05649247020483017, "Loss/Loss_reward_critic/Delta": 0.009490564465522766, "Value/reward": 1.7313324213027954, "Loss/Loss_cost_critic": 1.7128554582595825, "Loss/Loss_cost_critic/Delta": 0.041529178619384766, "Value/cost": 9.806159019470215, "Time/Total": 1841.540771484375, "Time/Rollout": 48.23546600341797, "Time/Update": 12.449051856994629, "Time/Epoch": 60.68451690673828, "Time/FPS": 329.5733642578125, "Misc/Alpha": 0.557502031326294, "Misc/FinalStepNorm": 0.2896389961242676, "Misc/gradient_norm": 0.20877037942409515, "Misc/xHx": 0.06434829533100128, "Misc/H_inv_g": 0.5195299386978149, "Misc/AcceptanceStep": 1.0, "Metrics/LagrangeMultiplier": 0.9072597026824951, "Metrics/LagrangeMultiplier/Min": 0.9072597026824951, "Metrics/LagrangeMultiplier/Max": 0.9072597026824951, "Metrics/LagrangeMultiplier/Std": 0.0, "_timestamp": 1716186409.901324, "_runtime": 1843.6725771427155, "_step": 29}