{"Metrics/EpRet": 18.307096481323242, "Metrics/EpCost": 28.739999771118164, "Metrics/EpLen": 1000.0, "Train/Epoch": 199.0, "Train/Entropy": 0.8343626856803894, "Train/KL": 0.0002446212456561625, "Train/StopIter": 10.0, "Train/PolicyRatio": 1.0001640319824219, "Train/PolicyRatio/Min": 1.0001640319824219, "Train/PolicyRatio/Max": 1.0001640319824219, "Train/PolicyRatio/Std": 0.00011593195813475177, "Train/LR": 0.0, "Train/PolicyStd": 0.5665488243103027, "TotalEnvSteps": 4000000.0, "Loss/Loss_pi": -0.023136159405112267, "Loss/Loss_pi/Delta": 0.0040555186569690704, "Value/Adv": 1.2969969986897922e-08, "Loss/Loss_reward_critic": 0.027149973437190056, "Loss/Loss_reward_critic/Delta": 0.0006856732070446014, "Value/reward": 2.085712432861328, "Loss/Loss_cost_critic": 0.7874351739883423, "Loss/Loss_cost_critic/Delta": -0.1091454029083252, "Value/cost": 4.200327396392822, "Time/Total": 10785.7578125, "Time/Rollout": 50.792198181152344, "Time/Update": 12.536903381347656, "Time/Epoch": 63.3291015625, "Time/FPS": 315.8105773925781, "Misc/Alpha": 0.5433470010757446, "Misc/FinalStepNorm": 0.3320833444595337, "Misc/gradient_norm": 0.22238214313983917, "Misc/xHx": 0.06774471700191498, "Misc/H_inv_g": 0.6111809611320496, "Misc/AcceptanceStep": 1.0, "Metrics/LagrangeMultiplier": 4.383038520812988, "Metrics/LagrangeMultiplier/Min": 4.383038520812988, "Metrics/LagrangeMultiplier/Max": 4.383038520812988, "Metrics/LagrangeMultiplier/Std": 0.0, "_timestamp": 1715285311.347547, "_runtime": 10787.955971956253, "_step": 200, "_wandb": {"runtime": 10789}}