{"Metrics/EpRet": 13.84655475616455, "Metrics/EpCost": 56.68000030517578, "Metrics/EpLen": 1000.0, "Train/Epoch": 29.0, "Train/Entropy": 0.9833647608757019, "Train/KL": 0.005611852742731571, "Train/StopIter": 40.0, "Train/PolicyRatio": 1.0008225440979004, "Train/PolicyRatio/Min": 1.0008225440979004, "Train/PolicyRatio/Max": 1.0008225440979004, "Train/PolicyRatio/Std": 0.011212348937988281, "Train/LR": 0.0, "Train/PolicyStd": 0.6474517583847046, "TotalEnvSteps": 600000.0, "Loss/Loss_pi": -0.02260175719857216, "Loss/Loss_pi/Delta": 0.010024633258581161, "Value/Adv": -0.41420891880989075, "Loss/Loss_reward_critic": 0.018639037385582924, "Loss/Loss_reward_critic/Delta": 0.0002971421927213669, "Value/reward": 1.2612248659133911, "Loss/Loss_cost_critic": 0.8872036933898926, "Loss/Loss_cost_critic/Delta": -0.11604940891265869, "Value/cost": 7.414437294006348, "Time/Total": 5119.42919921875, "Time/Rollout": 46.599449157714844, "Time/Update": 154.5469512939453, "Time/Epoch": 201.14639282226562, "Time/FPS": 99.43006896972656, "Metrics/LagrangeMultiplier": 0.9453890323638916, "Metrics/LagrangeMultiplier/Min": 0.9453890323638916, "Metrics/LagrangeMultiplier/Max": 0.9453890323638916, "Metrics/LagrangeMultiplier/Std": 0.0, "_timestamp": 1716156931.2811723, "_runtime": 5121.677894353867, "_step": 30, "_wandb": {"runtime": 5122}}