{"Metrics/EpRet": 14.613811492919922, "Metrics/EpCost": 125.22000122070312, "Metrics/EpLen": 1000.0, "Train/Epoch": 29.0, "Train/Entropy": 1.3364309072494507, "Train/KL": 0.00029847727273590863, "Train/StopIter": 10.0, "Train/PolicyRatio": 0.9997897148132324, "Train/PolicyRatio/Min": 0.9997897148132324, "Train/PolicyRatio/Max": 0.9997897148132324, "Train/PolicyRatio/Std": 0.00014869407459627837, "Train/LR": 0.0, "Train/PolicyStd": 0.9210769534111023, "TotalEnvSteps": 600000.0, "Loss/Loss_pi": -0.02364223636686802, "Loss/Loss_pi/Delta": -0.0009266380220651627, "Value/Adv": -9.155272984173735e-09, "Loss/Loss_reward_critic": 0.05797003582119942, "Loss/Loss_reward_critic/Delta": 0.0027086883783340454, "Value/reward": 1.4767400026321411, "Loss/Loss_cost_critic": 2.0572621822357178, "Loss/Loss_cost_critic/Delta": 0.1961832046508789, "Value/cost": 11.47725772857666, "Time/Total": 2379.566162109375, "Time/Rollout": 62.44233322143555, "Time/Update": 13.275182723999023, "Time/Epoch": 75.71751403808594, "Time/FPS": 264.1396789550781, "Misc/Alpha": 0.5396733283996582, "Misc/FinalStepNorm": 0.30680590867996216, "Misc/gradient_norm": 0.19059891998767853, "Misc/xHx": 0.06867015361785889, "Misc/H_inv_g": 0.5685030221939087, "Misc/AcceptanceStep": 1.0, "Metrics/LagrangeMultiplier": 0.9847581386566162, "Metrics/LagrangeMultiplier/Min": 0.9847581386566162, "Metrics/LagrangeMultiplier/Max": 0.9847581386566162, "Metrics/LagrangeMultiplier/Std": 0.0, "_timestamp": 1716206680.1026285, "_runtime": 2381.5714795589447, "_step": 30, "_wandb": {"runtime": 2383}}